1,Whitby,30
2,Gerik,2
3,Merilyn,26
4,Traci,23
5,Hastie,17
6,Janie,1
7,Beryl,6
8,Mohandis,24
9,Tracey,25
10,Lanny,13
11,Ora,24
12,Teresa,27
13,Rodolphe,27
14,Millard,4
15,Edsel,6
16,Chevy,13
17,Sherye,26
18,Urban,3
19,Lynnett,11
20,Tildy,5
21,Moreen,4
22,Dimitry,17
23,Linnie,13
24,Alva,2
25,Marissa,23
26,Daron,8
27,Bill,15
28,Nobe,16
29,Tessy,11
30,Wendi,14
31,Gage,6
32,Currey,16
33,Wilfrid,2
34,Vinita,2
35,Tremaine,22
36,Sonnnie,5
37,Jared,20
38,Thomasina,15
39,Virgina,22
40,Timofei,18
41,Crichton,11
42,Vasilis,17
43,Susette,12
44,Sydney,12
45,Portia,8
46,Iona,11
47,Vern,3
48,Rockie,29
49,Lucille,28
50,Yasmeen,24
51,Dido,18
52,Ange,7
53,Willie,15
54,Candace,10
55,Evelina,1
56,Retha,3
57,Paulita,10
58,Filia,11
59,Leda,2
60,Reinhard,16
61,Demetris,24
62,Nonie,9
63,Franklin,20
64,Catrina,26
65,Carmine,24
66,Yelena,21
67,Randy,6
68,Jeanne,26
69,Harmonie,21
70,Sibel,13
71,Alan,24
72,Remington,11
73,Pierson,12
74,Rosanne,13
75,Dom,8
76,Arlen,18
77,Amalle,14
78,Ingunna,22
79,Cristine,20
80,Cally,9
81,Joanne,8
82,Sela,1
83,Kamillah,13
84,Tomas,9
85,Milzie,26
86,Frannie,14
87,Dix,21
88,Josias,15
89,Chastity,24
90,Mechelle,12
91,Cesya,6
92,Tyrus,20
93,Isaac,12
94,Clayborne,4
95,Wilhelmina,28
96,Sharity,6
97,Heath,21
98,Jerrilee,9
99,Hadleigh,13
100,Abigael,5
101,Nero,4
102,Claudianus,8
103,Celestia,15
104,Godart,24
105,Kimberly,4
106,Whitby,18
107,Patti,22
108,Thia,15
109,Adrianne,26
110,Rod,27
111,Warner,30
112,Stavro,12
113,Arte,25
114,Lyndell,26
115,Haleigh,22
116,Gottfried,9
117,Stoddard,24
118,Justine,15
119,Rorie,26
120,Robenia,29
121,Alaster,20
122,Timoteo,17
123,Andriette,23
124,Rora,9
125,Darnell,7
126,Melodie,16
127,Sol,12
128,Sheffie,30
129,Melinde,20
130,Raychel,24
131,Harli,14
132,Tonya,24
133,Astra,10
134,Carmita,15
135,Marga,4
136,Sim,19
137,Penelope,6
138,Jarvis,11
139,Alanna,22
140,Rockwell,12
141,Jordan,26
142,Hinze,22
143,Caz,22
144,Abagael,25
145,Ulrikaumeko,15
146,Gert,22
147,Court,29
148,Nickolas,9
149,Ealasaid,11
150,Florette,6
151,Lorne,5
152,Kristien,12
153,Tonie,27
154,Petunia,14
155,Maurise,13
156,Erin,16
157,Juanita,12
158,Maximilianus,14
159,Jeromy,21
160,Gaven,17
161,Chas,14
162,Faun,14
163,Letizia,2
164,Ruperta,17
165,Bart,23
166,Anissa,30
167,Peter,14
168,Roselle,13
169,Menard,6
170,Millie,24
171,Wilie,15
172,Slade,15
173,Jilli,7
174,Alva,4
175,Farrand,12
176,Frazier,4
177,Cara,6
178,Catherine,9
179,Catie,7
180,Hildagard,27
181,Zebedee,5
182,Imojean,24
183,Margareta,16
184,Donica,20
185,Gunilla,22
186,Frederico,8
187,Weidar,27
188,Daryl,9
189,Gabriel,2
190,Shandy,6
191,Yorgos,7
192,Gian,3
193,Dani,16
194,Evangeline,21
195,Udall,15
196,Nye,10
197,Zaccaria,15
198,Lu,2
199,Neala,29
200,Myrtie,16
201,Graeme,29
202,Sergeant,5
203,Kelli,27
204,Uri,20
205,Jourdan,25
206,Susie,23
207,Burlie,12
208,Jonis,10
209,Tildie,11
210,Maurene,7
211,Thom,8
212,Beniamino,24
213,Susi,18
214,Skell,16
215,Dannie,22
216,Anatola,28
217,Elwood,24
218,Viki,7
219,Abigale,21
220,Charles,23
221,Selinda,11
222,Agathe,14
223,Ennis,1
224,Rolf,1
225,Tommi,17
226,Ebonee,26
227,Alameda,25
228,Gelya,16
229,Corney,5
230,Abigale,15
231,Nona,29
232,Jaquelin,4
233,Yorke,29
234,Cherilynn,14
235,Tammy,18
236,Andree,7
237,Shaw,22
238,Aleda,13
239,Julita,3
240,Brigham,18
241,Oran,26
242,Nalani,2
243,Clementius,16
244,Will,16
245,Rosabelle,20
246,Alfreda,8
247,Izzy,15
248,Rochella,19
249,Leontine,27
250,Korey,27
251,Asher,3
252,Tiffanie,7
253,Sayre,25
254,Delilah,25
255,Angel,10
256,Roddie,23
257,Lonnard,21
258,Bella,14
259,Sarette,7
260,Stanfield,18
261,Matty,2
262,Gibb,28
263,Barth,19
264,Shaughn,17
265,Gerik,14
266,Oliviero,21
267,Gertie,29
268,Erin,7
269,Neala,28
270,Barbaraanne,4
271,Huntlee,5
272,Jed,1
273,Hyatt,21
274,Guillermo,7
275,Robbert,3
276,Laure,26
277,Guglielmo,3
278,Normand,24
279,Brucie,21
280,Torrence,7
281,Pacorro,29
282,Darn,11
283,Merrie,21
284,Tabitha,3
285,Jordain,10
286,Edithe,16
287,Addie,28
288,Eduino,15
289,Izabel,7
290,Collette,19
291,Dolf,13
292,Gigi,14
293,Richmound,16
294,Jephthah,9
295,Tanner,13
296,Caryl,21
297,Pearla,9
298,Gonzales,8
299,Jessie,5
300,Nissy,17
301,Mariejeanne,10
302,Ilse,22
303,Karlie,15
304,Korie,19
305,Raimund,27
306,Lissi,2
307,Nadya,12
308,Krispin,7
309,Trudey,22
310,Conny,13
311,Dona,22
312,Merna,8
313,Karyn,26
314,Brendin,18
315,Idalina,16
316,Rip,5
317,Kirby,2
318,Doreen,22
319,Simone,30
320,Pietrek,13
321,Tyler,2
322,Lainey,18
323,Kaile,18
324,Farleigh,2
325,Nicolina,23
326,Suellen,17
327,Sianna,14
328,Guglielmo,4
329,Abba,2
330,Addy,7
331,Andie,29
332,Normand,1
333,Missie,25
334,Julianne,9
335,Cyndi,22
336,Regan,27
337,Catie,23
338,Shir,28
339,Selene,22
340,Robb,27
341,Karna,23
342,Meredith,25
343,Carilyn,9
344,Dale,22
345,Lowe,17
346,Maryellen,16
347,Tedd,15
348,Helenelizabeth,15
349,George,20
350,Mano,16
351,Berny,24
352,Sheffield,14
353,Lazare,19
354,Cassius,27
355,Salim,4
356,Mehetabel,28
357,Sergio,13
358,Antonina,13
359,Annamaria,20
360,Idette,3
361,Sigismondo,18
362,Gregoire,9
363,Melisent,25
364,Bunni,8
365,Romonda,18
366,Mara,23
367,Batholomew,12
368,Ellswerth,20
369,Maurice,18
370,Deonne,15
371,Rosabelle,25
372,Harmon,5
373,Nixie,18
374,Gawain,17
375,Brianna,16
376,Shirlee,22
377,Joann,20
378,Darrelle,13
379,Gaylor,16
380,Annecorinne,16
381,Lonna,11
382,Heinrick,15
383,Kayne,21
384,Tyler,20
385,Kristan,9
386,Freddi,14
387,Delcine,28
388,Timofei,19
389,Gussie,14
390,Amandy,13
391,Parsifal,20
392,Latrina,2
393,Coraline,16
394,Adora,24
395,Joceline,10
396,Sibelle,1
397,Koenraad,19
398,Adara,14
399,Jorie,6
400,Matty,18
